pathway,mean_activity,std_activity,min_activity,max_activity,n_genes
Glycolysis / Gluconeogenesis - Homo sapiens (human),4.320158944517597e-18,3.791332042683083e-17,-1.2397490441647582e-16,1.5728159515523052e-16,60
Citrate cycle (TCA cycle) - Homo sapiens (human),-1.9281429323751323e-18,5.900954346802483e-17,-2.1492625686843683e-16,3.1966766398689853e-16,29
Pentose phosphate pathway - Homo sapiens (human),-3.888031473108062e-18,3.9554482030510865e-17,-1.4787022181429886e-16,1.3016407874915627e-16,29
Pentose and glucuronate interconversions - Homo sapiens (human),-4.792426723515693e-18,4.742302853637897e-17,-1.734723475976807e-16,1.295260195396016e-16,24
Fructose and mannose metabolism - Homo sapiens (human),-1.9903758170375905e-18,5.115977658107325e-17,-1.5214167374492887e-16,1.4802973661668753e-16,27
Galactose metabolism - Homo sapiens (human),-6.1925481727198746e-18,4.027519800963274e-17,-1.457167719820518e-16,1.214306433183765e-16,28
Ascorbate and aldarate metabolism - Homo sapiens (human),1.0807121690296796e-18,5.4845835308802095e-17,-1.942890293094024e-16,2.169981366312806e-16,22
Fatty acid biosynthesis - Homo sapiens (human),-1.1947317324820811e-18,3.3050049305433555e-17,-9.71445146547012e-17,8.326672684688674e-17,16
Fatty acid elongation - Homo sapiens (human),-1.4773836607176011e-18,3.7906671468344204e-17,-1.4155343563970745e-16,8.604228440844963e-17,20
Fatty acid degradation - Homo sapiens (human),2.2139661483283762e-18,3.0327153323919066e-17,-1.1102230246251565e-16,1.4432899320127036e-16,40
Steroid biosynthesis - Homo sapiens (human),7.364887390441955e-19,4.866322112161385e-17,-1.2335811384723962e-16,2.0970879354030734e-16,18
Primary bile acid biosynthesis - Homo sapiens (human),-2.098253631865221e-18,4.7042655604218494e-17,-1.8239378261699e-16,1.5860328923216522e-16,14
Ubiquinone and other terpenoid-quinone biosynthesis - Homo sapiens (human),1.7306735379005965e-18,3.911527953181912e-17,-8.881784197001253e-17,1.1102230246251565e-16,10
Steroid hormone biosynthesis - Homo sapiens (human),1.3587180644072096e-18,3.1295972243651325e-17,-8.609892844031826e-17,1.4614160222106653e-16,49
Oxidative phosphorylation - Homo sapiens (human),4.6856760286123885e-18,4.953204074806261e-17,-1.7716324861039732e-16,2.066904567121302e-16,94
Arginine biosynthesis - Homo sapiens (human),-5.424827768352522e-18,4.60898979031684e-17,-1.559599010782958e-16,1.8305462965545735e-16,21
Purine metabolism - Homo sapiens (human),-1.657483939152051e-18,3.2766326910004916e-17,-1.3300691681152865e-16,1.582892233128936e-16,101
Caffeine metabolism - Homo sapiens (human),-2.6999587174736298e-19,4.953009738949106e-17,-1.3877787807814457e-16,2.220446049250313e-16,4
Pyrimidine metabolism - Homo sapiens (human),-3.5999449566315344e-20,2.857395585077015e-17,-1.0177044392397268e-16,7.401486830834377e-17,48
"Alanine, aspartate and glutamate metabolism - Homo sapiens (human)",8.616856884118963e-19,3.3089315438134886e-17,-8.7472117091679e-17,1.5475836100835516e-16,33
"Glycine, serine and threonine metabolism - Homo sapiens (human)",-2.2482195308421586e-18,4.463786918971996e-17,-1.310679959626921e-16,1.159373523111166e-16,36
Cysteine and methionine metabolism - Homo sapiens (human),-1.4263375662153655e-18,3.2021847289226246e-17,-9.335966343438817e-17,1.4634758051877063e-16,44
"Valine, leucine and isoleucine degradation - Homo sapiens (human)",2.4333377941231082e-18,3.483136381730753e-17,-1.2111523905001707e-16,1.0092936587501423e-16,44
"Valine, leucine and isoleucine biosynthesis - Homo sapiens (human)",4.961174143357794e-19,6.260150197863952e-17,-2.7755575615628914e-16,4.996003610813204e-16,4
Lysine degradation - Homo sapiens (human),-2.1337213646375045e-18,3.0668116897794476e-17,-1.1338447911065428e-16,8.976271262926797e-17,47
Arginine and proline metabolism - Homo sapiens (human),3.9922827077643914e-19,2.864465121658605e-17,-7.137148015447435e-17,1.0044874984703797e-16,42
Histidine metabolism - Homo sapiens (human),7.918003933257734e-19,5.030427241183916e-17,-1.4802973661668753e-16,1.9120507646322142e-16,18
Tyrosine metabolism - Homo sapiens (human),-1.837505995335179e-18,3.257401311981323e-17,-8.074349270001139e-17,9.588289758126352e-17,33
Phenylalanine metabolism - Homo sapiens (human),1.1032931305836411e-17,4.77867337014614e-17,-1.1842378929335003e-16,1.7393494052460786e-16,15
Tryptophan metabolism - Homo sapiens (human),-1.9785393908743814e-18,3.072005967140501e-17,-1.1102230246251565e-16,1.3719184518582292e-16,35
"Phenylalanine, tyrosine and tryptophan biosynthesis - Homo sapiens (human)",-5.642913719519886e-18,5.035540081244243e-17,-1.7763568394002506e-16,1.2212453270876723e-16,5
beta-Alanine metabolism - Homo sapiens (human),-2.5004600937120878e-18,3.746445988745458e-17,-1.427429603089487e-16,1.0705722023171153e-16,28
Taurine and hypotaurine metabolism - Homo sapiens (human),2.0605594030173746e-18,4.607255885440943e-17,-1.1102230246251565e-16,1.1606877075626636e-16,11
Phosphonate and phosphinate metabolism - Homo sapiens (human),-1.7549731663578585e-18,4.6209261962998223e-17,-1.27675647831893e-16,1.4432899320127036e-16,5
Selenocompound metabolism - Homo sapiens (human),-1.3084415323141438e-18,4.9143235692064583e-17,-1.708035422500241e-16,1.1956247957501685e-16,13
D-Amino acid metabolism - Homo sapiens (human),5.912234601587881e-18,6.527606209281319e-17,-3.552713678800501e-16,3.108624468950438e-16,5
Glutathione metabolism - Homo sapiens (human),4.4549318838314894e-18,2.70741375273117e-17,-8.326672684688674e-17,1.295260195396016e-16,48
Starch and sucrose metabolism - Homo sapiens (human),5.599914376982387e-20,3.3795786104582283e-17,-1.2747005097548094e-16,8.635067969306773e-17,27
N-Glycan biosynthesis - Homo sapiens (human),-5.696912893869359e-19,2.865208448090697e-17,-9.325873406851315e-17,9.325873406851315e-17,50
Other glycan degradation - Homo sapiens (human),-5.179420806353596e-19,5.0563476324065286e-17,-1.646830819860649e-16,1.7023419710919068e-16,15
Mucin type O-glycan biosynthesis - Homo sapiens (human),8.274107863407854e-19,5.430274351340386e-17,-1.591319668629391e-16,1.905882858939852e-16,30
Various types of N-glycan biosynthesis - Homo sapiens (human),-6.6788452484874015e-19,2.867302608666592e-17,-9.349246523159212e-17,7.011934892369409e-17,38
Other types of O-glycan biosynthesis - Homo sapiens (human),-4.0368239910112865e-18,3.3365110641328465e-17,-9.992007221626409e-17,9.992007221626409e-17,35
Mannose type O-glycan biosynthesis - Homo sapiens (human),-8.23487408829457e-18,4.8294673179917484e-17,-1.5265566588595902e-16,1.1102230246251565e-16,16
Amino sugar and nucleotide sugar metabolism - Homo sapiens (human),8.489172525638019e-19,3.852291025115164e-17,-1.0327656043024712e-16,1.1876804449478418e-16,43
"Neomycin, kanamycin and gentamicin biosynthesis - Homo sapiens (human)",-5.18392073754937e-19,4.768913381737285e-17,-1.7763568394002506e-16,8.881784197001253e-17,5
Glycosaminoglycan degradation - Homo sapiens (human),3.0091414900509924e-18,5.1178373325418695e-17,-1.603655480014115e-16,2.0970879354030734e-16,18
Glycosaminoglycan biosynthesis - chondroitin sulfate / dermatan sulfate - Homo sapiens (human),-1.798927851431017e-18,8.09973963664231e-17,-2.590520390792032e-16,2.6433881538694203e-16,21
Glycosaminoglycan biosynthesis - keratan sulfate - Homo sapiens (human),1.3910814088554995e-18,6.069266305833685e-17,-1.6653345369377348e-16,2.5376526277146434e-16,14
Glycosaminoglycan biosynthesis - heparan sulfate / heparin - Homo sapiens (human),1.6019755057010198e-18,4.131914338874274e-17,-1.5728159515523052e-16,1.4802973661668753e-16,24
Glycerolipid metabolism - Homo sapiens (human),-2.6729591302988936e-18,3.3922042822923823e-17,-1.0177044392397268e-16,9.251858538542972e-17,48
Inositol phosphate metabolism - Homo sapiens (human),-2.6369107684369724e-18,3.008583857826261e-17,-1.154471043722536e-16,9.412760426169805e-17,69
Glycosylphosphatidylinositol (GPI)-anchor biosynthesis - Homo sapiens (human),-6.577514814029989e-18,3.5796427354622605e-17,-2.006941621437783e-16,8.540177112501205e-17,26
Glycerophospholipid metabolism - Homo sapiens (human),2.9714689891426532e-18,2.894474029372527e-17,-1.0248212535001446e-16,9.892371821980562e-17,78
Ether lipid metabolism - Homo sapiens (human),5.385269221419304e-19,4.180184647703464e-17,-1.4494578377050655e-16,1.603655480014115e-16,36
Arachidonic acid metabolism - Homo sapiens (human),-1.4399779826526026e-18,3.098463213847905e-17,-9.251858538542972e-17,9.71445146547012e-17,48
Linoleic acid metabolism - Homo sapiens (human),7.559884408926163e-18,3.626950391164821e-17,-9.251858538542972e-17,1.1102230246251565e-16,24
alpha-Linolenic acid metabolism - Homo sapiens (human),1.1847334478564363e-18,4.7109336410143514e-17,-1.609823385706477e-16,1.609823385706477e-16,20
Sphingolipid metabolism - Homo sapiens (human),-6.104705439185345e-18,3.0651078686230216e-17,-1.19145885569529e-16,1.001908583198312e-16,41
Glycosphingolipid biosynthesis - lacto and neolacto series - Homo sapiens (human),-2.773397594588913e-18,3.259358447507887e-17,-1.1102230246251565e-16,9.769962616701378e-17,25
Glycosphingolipid biosynthesis - globo and isoglobo series - Homo sapiens (human),7.641847441420899e-19,4.2262707273893595e-17,-1.2688263138573217e-16,1.2688263138573217e-16,14
Glycosphingolipid biosynthesis - ganglio series - Homo sapiens (human),-1.1811841271257579e-17,8.573764011345128e-17,-2.590520390792032e-16,2.0724163126336256e-16,15
Pyruvate metabolism - Homo sapiens (human),-1.121429499618962e-18,3.9472677334419676e-17,-1.1779195505169344e-16,1.2997732971221344e-16,41
Glyoxylate and dicarboxylate metabolism - Homo sapiens (human),-1.5962207859987126e-18,4.0574890854258534e-17,-1.2596761240939276e-16,1.6439840941564819e-16,26
Propanoate metabolism - Homo sapiens (human),1.1103580225610301e-18,4.283253898686054e-17,-1.2688263138573217e-16,2.061842760018148e-16,28
Butanoate metabolism - Homo sapiens (human),1.4660132988568117e-18,4.1544737363214e-17,-1.2159585507799335e-16,1.3745618400120986e-16,21
One carbon pool by folate - Homo sapiens (human),6.574945424583071e-19,3.5485914311862883e-17,-1.1428766429964846e-16,1.4204323991527737e-16,17
Thiamine metabolism - Homo sapiens (human),-3.975535804734607e-18,4.6404404439369116e-17,-2.0185873175002846e-16,1.4319353783517644e-16,11
Riboflavin metabolism - Homo sapiens (human),4.933210285212532e-18,5.232238646788486e-17,-1.6256837146296934e-16,2.299747693866396e-16,7
Vitamin B6 metabolism - Homo sapiens (human),-4.0161885922420205e-19,4.915980197840098e-17,-2.220446049250313e-16,1.4802973661668753e-16,6
Nicotinate and nicotinamide metabolism - Homo sapiens (human),8.332631214272061e-19,3.538385663270776e-17,-1.550483879217891e-16,9.188052617587502e-17,29
Pantothenate and CoA biosynthesis - Homo sapiens (human),3.3467054076263587e-18,4.296025827489958e-17,-1.1686558153949016e-16,1.0517902338554114e-16,19
Biotin metabolism - Homo sapiens (human),-2.5919603687746846e-18,6.056688547840378e-16,-4.496403249731884e-15,6.6058269965196814e-15,2
Lipoic acid metabolism - Homo sapiens (human),-2.2274659419157405e-19,4.057716617463466e-17,-1.603655480014115e-16,1.356939252319636e-16,18
Folate biosynthesis - Homo sapiens (human),-2.605313425475233e-18,4.999695116932955e-17,-1.351575856065408e-16,1.544658121217609e-16,23
Retinol metabolism - Homo sapiens (human),-4.169424230029409e-18,4.3718825914556825e-17,-1.3237274524376866e-16,1.4945309946877108e-16,52
Porphyrin metabolism - Homo sapiens (human),-2.0432901865452216e-18,3.362627552504669e-17,-1.0785023667787235e-16,9.992007221626409e-17,35
Terpenoid backbone biosynthesis - Homo sapiens (human),5.858220086563876e-18,5.593938979898625e-17,-1.9176579516252704e-16,1.6148698540002277e-16,22
Nitrogen metabolism - Homo sapiens (human),-2.71683345945784e-19,3.876333742084985e-17,-1.3877787807814457e-16,1.249000902703301e-16,16
Sulfur metabolism - Homo sapiens (human),-3.8811906563683506e-19,8.442687156956627e-17,-2.379049338482478e-16,2.220446049250313e-16,7
Aminoacyl-tRNA biosynthesis - Homo sapiens (human),4.068940503053532e-18,1.310236607933663e-16,-4.537433231076727e-16,5.0865109226032985e-16,23
Metabolism of xenobiotics by cytochrome P450 - Homo sapiens (human),1.7275159590615177e-18,3.369149423252632e-17,-1.3172137580298467e-16,1.2231270610277148e-16,59
Drug metabolism - cytochrome P450 - Homo sapiens (human),-1.3030286343084393e-17,4.138467758533268e-17,-1.5439038936193583e-16,9.180690395938794e-17,52
Drug metabolism - other enzymes - Homo sapiens (human),1.0818614824683398e-18,3.5763709793584756e-17,-1.0117354982471184e-16,1.2534776084477575e-16,62
Biosynthesis of unsaturated fatty acids - Homo sapiens (human),-3.696372053684127e-19,5.735032471104609e-17,-1.5331651292442638e-16,1.7446361815538174e-16,21
ABC transporters - Homo sapiens (human),-2.1456823086713386e-18,3.576344218947697e-17,-1.1279736834491052e-16,9.811273240873477e-17,43
Ribosome biogenesis in eukaryotes - Homo sapiens (human),-2.351146442660592e-18,6.706035878513156e-17,-2.4937317168503516e-16,2.7328566760003855e-16,65
Ribosome - Homo sapiens (human),-4.630429200467275e-18,5.526915447078742e-17,-2.3592239273284576e-16,1.734723475976807e-16,128
Nucleocytoplasmic transport - Homo sapiens (human),-1.6954807249369314e-18,4.657048405759386e-17,-2.295740429909732e-16,2.598394312952494e-16,94
mRNA surveillance pathway - Homo sapiens (human),-1.8471538689785015e-18,3.033872849539417e-17,-1.390969076829219e-16,1.1038424325296096e-16,87
RNA degradation - Homo sapiens (human),-3.653125961672654e-19,2.8732029183857695e-17,-9.987801831381617e-17,7.737918050417758e-17,66
RNA polymerase - Homo sapiens (human),-3.831206506835803e-18,5.4710751209667847e-17,-2.9861171007159383e-16,1.81846874723086e-16,29
Basal transcription factors - Homo sapiens (human),-1.6663807709407557e-18,3.708217033706919e-17,-1.4802973661668753e-16,1.0573552615477681e-16,42
DNA replication - Homo sapiens (human),8.366786357062568e-18,1.1194270153697676e-16,-3.806478941571965e-16,3.743037625879099e-16,35
Spliceosome - Homo sapiens (human),3.0649396233807627e-18,7.246682348204912e-17,-2.841820872717321e-16,3.073117336180895e-16,111
Proteasome - Homo sapiens (human),-5.677369588036481e-19,6.251580855322897e-17,-2.9950202524771664e-16,2.1688077690351894e-16,43
Protein export - Homo sapiens (human),4.005532192678996e-18,4.699045599314414e-17,-1.532107773982716e-16,1.5987211554602254e-16,25
ATP-dependent chromatin remodeling - Homo sapiens (human),-1.226067735910896e-19,3.8764606076522754e-17,-1.4846005561848023e-16,3.408126494198155e-16,86
Polycomb repressive complex - Homo sapiens (human),-1.3499793587368724e-20,3.104442948794538e-17,-8.881784197001253e-17,9.43689570931383e-17,80
Viral life cycle - HIV-1 - Homo sapiens (human),-1.3615443758725444e-18,4.680887045752772e-17,-1.799326970944219e-16,2.2013042729636725e-16,58
Virion - Human immunodeficiency virus - Homo sapiens (human),5.764411861806214e-19,1.4943079529402724e-16,-4.884981308350689e-16,6.661338147750939e-16,5
Virion - Flavivirus - Homo sapiens (human),-1.5170393043804957e-18,7.186584155565949e-17,-2.220446049250313e-16,3.3306690738754696e-16,4
Virion - Ebolavirus and Lyssavirus - Homo sapiens (human),4.642241519856222e-18,1.1527807808215085e-16,-5.412337245047638e-16,7.771561172376096e-16,4
Virion - Herpesvirus - Homo sapiens (human),7.393161958122168e-18,9.659562254343831e-17,-5.773159728050814e-16,5.551115123125783e-16,5
Virion - Adenovirus - Homo sapiens (human),-1.4262531925054448e-17,1.0166072752371418e-16,-6.661338147750939e-16,2.636779683484747e-16,4
Virion - Rotavirus - Homo sapiens (human),-7.559884408926163e-18,1.9355140822891098e-16,-2.3869795029440866e-15,7.216449660063518e-16,2
PPAR signaling pathway - Homo sapiens (human),3.447094032861491e-19,2.986267781742263e-17,-1.0096593448583852e-16,1.3274405729213828e-16,69
Base excision repair - Homo sapiens (human),4.426084110629912e-18,6.073625348684727e-17,-1.7446361815538174e-16,1.9825411154020654e-16,42
Nucleotide excision repair - Homo sapiens (human),5.864002444323538e-18,3.7572393522358575e-17,-1.0907454277019081e-16,1.567946552321493e-16,57
Mismatch repair - Homo sapiens (human),-2.577846948206071e-18,7.29402246658497e-17,-2.119516683375299e-16,2.573698829812863e-16,22
Homologous recombination - Homo sapiens (human),-4.954424246564111e-18,5.295677530258108e-17,-1.6653345369377348e-16,1.474514954580286e-16,32
Non-homologous end-joining - Homo sapiens (human),-1.6081629110952323e-18,7.61578423847986e-17,-2.1926904736346843e-16,3.552713678800501e-16,10
Fanconi anemia pathway - Homo sapiens (human),2.8776457327716526e-18,4.9080757223246277e-17,-1.4802973661668753e-16,2.8812930877176683e-16,42
MAPK signaling pathway - Homo sapiens (human),2.390465216431776e-18,2.4670704078664443e-17,-8.159943078517052e-17,7.532255149400356e-17,283
ErbB signaling pathway - Homo sapiens (human),-2.850082928089784e-18,2.8013299473060867e-17,-9.563969428999843e-17,1.0299659385076753e-16,83
Ras signaling pathway - Homo sapiens (human),-1.6027152204181365e-18,3.1458261089801304e-17,-8.111218444750002e-17,1.1355705822650002e-16,219
Rap1 signaling pathway - Homo sapiens (human),2.692436444429922e-18,3.146159093136462e-17,-9.721355837513809e-17,1.0605115459105973e-16,201
Calcium signaling pathway - Homo sapiens (human),1.1577422980526919e-18,3.6443687842538365e-17,-1.1052887000712669e-16,1.4210854715202004e-16,225
cGMP-PKG signaling pathway - Homo sapiens (human),-2.3978552285454995e-18,3.544016488412475e-17,-9.601928861622976e-17,1.4402893292434464e-16,148
cAMP signaling pathway - Homo sapiens (human),3.1351285342899677e-18,2.872754310639329e-17,-8.707631565687502e-17,1.3061447348531254e-16,204
Cytokine-cytokine receptor interaction - Homo sapiens (human),4.950871669304276e-18,3.672551525400205e-17,-1.8698493046318425e-16,1.2076110092413984e-16,228
Viral protein interaction with cytokine and cytokine receptor - Homo sapiens (human),3.675977330677436e-18,5.024753947590573e-17,-1.7300693398217474e-16,2.8525623597647886e-16,82
Chemokine signaling pathway - Homo sapiens (human),2.1298278999233844e-18,4.023045835069603e-17,-1.2393187251629654e-16,2.0655312086049424e-16,172
NF-kappa B signaling pathway - Homo sapiens (human),-1.5607636358329157e-18,3.905180361010944e-17,-1.1287267417022424e-16,1.3908627336276267e-16,90
HIF-1 signaling pathway - Homo sapiens (human),-9.203861092815064e-19,3.437434981293343e-17,-8.67698577498302e-17,1.4767044113946258e-16,103
FoxO signaling pathway - Homo sapiens (human),3.3899601673111907e-18,3.2207482764611916e-17,-1.0841327835464654e-16,1.2878587085651815e-16,125
Phosphatidylinositol signaling system - Homo sapiens (human),2.0761751517124806e-18,3.075610356111272e-17,-1.1229842088162504e-16,9.507082222364846e-17,87
Sphingolipid signaling pathway - Homo sapiens (human),-6.43579824191146e-19,3.990778784458125e-17,-1.4488919747975092e-16,1.466716656385528e-16,109
Phospholipase D signaling pathway - Homo sapiens (human),-9.759850771312061e-20,3.8372194405560306e-17,-1.2089095157029481e-16,1.7516852166308025e-16,135
Neuroactive ligand-receptor interaction - Homo sapiens (human),1.1756391672656607e-18,2.926197153552986e-17,-1.0785023667787235e-16,6.97854472621527e-17,280
Cell cycle - Homo sapiens (human),-2.5663607601941933e-18,4.903628501218799e-17,-1.513192863192806e-16,1.5789838572446671e-16,135
Oocyte meiosis - Homo sapiens (human),-2.3698949568283485e-19,2.5752245380769414e-17,-6.671523680086949e-17,6.849770495967136e-17,109
p53 signaling pathway - Homo sapiens (human),-1.3889787624336555e-18,3.069110539984589e-17,-8.635067969306773e-17,1.1102230246251565e-16,72
Ubiquitin mediated proteolysis - Homo sapiens (human),-4.524476275039146e-19,2.3474671336072958e-17,-5.3828995133340925e-17,8.074349270001139e-17,132
Sulfur relay system - Homo sapiens (human),-6.896465981204071e-18,1.0959818332278916e-16,-3.806478941571965e-16,4.123685520036296e-16,7
SNARE interactions in vesicular transport - Homo sapiens (human),-2.3251761414694746e-19,3.5136513880114596e-17,-8.953411488912552e-17,2.1398653458501002e-16,31
Autophagy - other - Homo sapiens (human),1.0441101130816404e-18,4.078608810081153e-17,-1.1102230246251565e-16,1.7036180895110161e-16,29
Mitophagy - animal - Homo sapiens (human),1.737699236928861e-18,3.6230660057359177e-17,-1.247508667455149e-16,1.1035079660084721e-16,93
Autophagy - animal - Homo sapiens (human),3.365595598670397e-18,2.524769636840921e-17,-9.868649107779169e-17,9.288140336733336e-17,153
Protein processing in endoplasmic reticulum - Homo sapiens (human),9.36214984581302e-19,2.4419102775271185e-17,-6.788624863950002e-17,5.657187386625001e-17,157
Lysosome - Homo sapiens (human),1.8179526081116337e-18,3.9140278802459736e-17,-1.0374215148136709e-16,1.189849675981469e-16,122
Endocytosis - Homo sapiens (human),1.506292758169499e-18,2.336436960108909e-17,-7.011934892369409e-17,8.570142646229278e-17,228
Phagosome - Homo sapiens (human),-2.0334064090973275e-18,3.635448772455912e-17,-1.5265566588595902e-16,1.1102230246251565e-16,128
Peroxisome - Homo sapiens (human),-2.969954589220989e-19,2.712960404394493e-17,-7.91033905045424e-17,7.771561172376095e-17,80
Efferocytosis - Homo sapiens (human),5.516672406513683e-19,3.373210923397027e-17,-1.200241107702872e-16,7.801567200068668e-17,148
mTOR signaling pathway - Homo sapiens (human),2.341222943823286e-19,3.156385432881336e-17,-9.937660640001401e-17,9.937660640001401e-17,143
PI3K-Akt signaling pathway - Homo sapiens (human),-2.564960781599951e-19,2.236655773008988e-17,-6.661338147750939e-17,6.661338147750939e-17,320
AMPK signaling pathway - Homo sapiens (human),-2.6545267198238323e-19,2.675932849109712e-17,-8.445286255695635e-17,1.2386592819811318e-16,117
Apoptosis - Homo sapiens (human),-4.376927028143189e-18,3.1846374938298956e-17,-1.1594667878141757e-16,7.106770369324339e-17,124
Longevity regulating pathway - Homo sapiens (human),7.498490127060075e-19,3.8173541505503114e-17,-1.4628821030355004e-16,1.645742365914938e-16,85
Longevity regulating pathway - multiple species - Homo sapiens (human),-3.629805265425812e-18,3.8135305650981217e-17,-1.3924831156315523e-16,8.8441495182004e-17,59
Apoptosis - multiple species - Homo sapiens (human),-6.3482779344598705e-19,4.5128450684950774e-17,-1.8503717077085943e-16,1.4155343563970745e-16,30
Ferroptosis - Homo sapiens (human),-3.1589516994441467e-18,3.109384590677605e-17,-9.992007221626409e-17,7.771561172376095e-17,40
Necroptosis - Homo sapiens (human),-7.696585300412934e-19,3.9249049455274906e-17,-2.34267243728244e-16,1.5507472981576155e-16,109
Cellular senescence - Homo sapiens (human),1.6960814493659851e-18,2.2420805899994674e-17,-1.0580648959514914e-16,7.15311478953121e-17,149
Cardiac muscle contraction - Homo sapiens (human),4.6813102159718384e-18,3.4527802485963655e-17,-1.5044326493109006e-16,1.319395478540041e-16,69
Adrenergic signaling in cardiomyocytes - Homo sapiens (human),-2.730815388530469e-19,4.193498523092638e-17,-1.5225915766287861e-16,1.1419436824715895e-16,140
Vascular smooth muscle contraction - Homo sapiens (human),9.574007459021023e-18,3.6109021299900475e-17,-1.6700790797780132e-16,1.1197121103057134e-16,117
Wnt signaling pathway - Homo sapiens (human),1.333714547185769e-18,2.817317012449552e-17,-1.0700944815664159e-16,9.095803093314535e-17,166
Notch signaling pathway - Homo sapiens (human),-1.7202594114189121e-18,3.729459971096696e-17,-1.189524669241239e-16,1.2688263138573217e-16,56
Hedgehog signaling pathway - Homo sapiens (human),-2.2353110743670577e-18,4.332579003177658e-17,-1.7400610866721203e-16,1.2383256813126746e-16,52
TGF-beta signaling pathway - Homo sapiens (human),2.81005412148712e-19,4.459282050711442e-17,-1.5737141902453676e-16,1.8970801197478402e-16,103
Axon guidance - Homo sapiens (human),-1.7206100554081947e-18,3.243168769909083e-17,-1.0092936587501423e-16,1.4130111222501992e-16,176
VEGF signaling pathway - Homo sapiens (human),1.9342302939269717e-19,3.203523208870293e-17,-9.933574430856664e-17,7.401486830834377e-17,57
Apelin signaling pathway - Homo sapiens (human),-2.3782839483996233e-19,3.508807504110084e-17,-1.119176436114069e-16,9.792793815998105e-17,124
Osteoclast differentiation - Homo sapiens (human),-3.0162555062772683e-18,4.7541645396534016e-17,-1.6253665080512291e-16,2.415845301584341e-16,125
Hippo signaling pathway - Homo sapiens (human),-4.2547000460591137e-19,2.3849628160470355e-17,-7.749207688658811e-17,6.035440603666958e-17,149
Hippo signaling pathway - multiple species - Homo sapiens (human),2.5649607816001092e-21,3.5070981646926037e-17,-1.5765166949677222e-16,9.769962616701378e-17,25
Focal adhesion - Homo sapiens (human),3.100931309983543e-18,3.385552388380549e-17,-1.3228189229576333e-16,1.1338447911065428e-16,188
ECM-receptor interaction - Homo sapiens (human),-1.8450266674833527e-18,4.814297350988576e-17,-2.3016818803204466e-16,1.8955027249697794e-16,82
Cell adhesion molecules - Homo sapiens (human),-8.371842796954732e-19,5.106681182958865e-17,-1.555932998014818e-16,2.5932216633580297e-16,137
Adherens junction - Homo sapiens (human),-5.5765939504205e-19,3.914473009394033e-17,-2.2471984112894733e-16,1.2648851176640527e-16,83
Tight junction - Homo sapiens (human),1.565976056134705e-18,2.670399888245661e-17,-1.0517902338554114e-16,1.3439541877041369e-16,152
Gap junction - Homo sapiens (human),2.024458355124121e-18,3.935083696945857e-17,-1.5265566588595902e-16,1.3731705830890095e-16,76
Signaling pathways regulating pluripotency of stem cells - Homo sapiens (human),3.6158232852795055e-18,2.796415620481872e-17,-8.564577618536922e-17,1.2053849981644556e-16,140
Complement and coagulation cascades - Homo sapiens (human),-6.298464572732457e-18,5.2883283106235985e-17,-1.989750355821709e-16,1.6941714986163103e-16,77
Platelet activation - Homo sapiens (human),1.0298413965220843e-18,3.5575083734226616e-17,-1.2688263138573217e-16,1.149873846933198e-16,112
Antigen processing and presentation - Homo sapiens (human),-3.550098190615239e-18,7.207456791873566e-17,-2.7391568066571485e-16,2.620854353213484e-16,61
Neutrophil extracellular trap formation - Homo sapiens (human),4.2636848080104405e-18,3.6847779460750483e-17,-9.945747928933694e-17,1.4802973661668753e-16,96
Renin-angiotensin system - Homo sapiens (human),1.414665869676287e-18,4.055766022335296e-17,-1.2335811384723962e-16,1.4802973661668753e-16,18
Toll-like receptor signaling pathway - Homo sapiens (human),-5.21477740860621e-18,5.18190876388805e-17,-2.352615456943784e-16,1.8239378261699e-16,84
NOD-like receptor signaling pathway - Homo sapiens (human),-2.4369901355388695e-18,3.071176393666258e-17,-1.0950144900412502e-16,1.1558486283768752e-16,146
RIG-I-like receptor signaling pathway - Homo sapiens (human),-4.747455536127775e-19,3.5773944426378257e-17,-1.1657341758564144e-16,1.6431300764452317e-16,50
Cytosolic DNA-sensing pathway - Homo sapiens (human),-1.3056228940926048e-18,3.118347100229566e-17,-1.2688263138573217e-16,9.912705577010327e-17,56
C-type lectin receptor signaling pathway - Homo sapiens (human),-5.2591947428554335e-18,4.3451598392554426e-17,-1.6237011735142913e-16,1.609823385706477e-16,100
JAK-STAT signaling pathway - Homo sapiens (human),-1.4509701809934622e-18,3.5074603095337473e-17,-1.491597346061279e-16,9.491983111299048e-17,131
Hematopoietic cell lineage - Homo sapiens (human),7.297532998607794e-18,7.869419701405289e-17,-2.882567009719533e-16,3.37079761693421e-16,83
Natural killer cell mediated cytotoxicity - Homo sapiens (human),-4.972192848643524e-18,5.749628778014338e-17,-3.253722923653924e-16,1.912661448364131e-16,101
IL-17 signaling pathway - Homo sapiens (human),5.874646622093413e-18,3.8875156194573073e-17,-1.2038562917622179e-16,1.5248846362321427e-16,83
Th1 and Th2 cell differentiation - Homo sapiens (human),-6.044794428188671e-19,6.838812019978402e-17,-2.322535522779063e-16,2.3448675951134774e-16,87
Th17 cell differentiation - Homo sapiens (human),7.03074544066834e-18,6.598809473086591e-17,-3.2653618371328136e-16,2.285753285992969e-16,102
T cell receptor signaling pathway - Homo sapiens (human),4.456692726473319e-18,4.7194869992114054e-17,-1.872897971976351e-16,1.6291316122216972e-16,115
B cell receptor signaling pathway - Homo sapiens (human),7.019892665431441e-20,4.364616858633755e-17,-1.7208456881689927e-16,1.554312234475219e-16,80
Fc epsilon RI signaling pathway - Homo sapiens (human),-8.504869960041933e-19,2.9019016108557135e-17,-1.3877787807814457e-16,8.326672684688674e-17,64
Fc gamma R-mediated phagocytosis - Homo sapiens (human),-1.2125269149381572e-18,2.954544442760341e-17,-1.0092936587501423e-16,9.588289758126352e-17,88
TNF signaling pathway - Homo sapiens (human),2.0886909025792424e-18,4.058093220723208e-17,-2.0450890137640127e-16,1.3696209275749594e-16,107
Leukocyte transendothelial migration - Homo sapiens (human),-1.4604587957373991e-18,3.9844313993856754e-17,-1.385030703987819e-16,1.3960230111623256e-16,101
Intestinal immune network for IgA production - Homo sapiens (human),4.671531250585958e-18,6.290307221880041e-17,-2.5376526277146434e-16,2.9936370842571187e-16,42
Circadian rhythm - Homo sapiens (human),-2.544711091218896e-18,3.8145118317056056e-17,-1.6653345369377348e-16,1.214306433183765e-16,32
Circadian entrainment - Homo sapiens (human),7.411503056996038e-18,5.640142453817822e-17,-2.3193452267312896e-16,2.284251970205782e-16,87
Thermogenesis - Homo sapiens (human),-1.5267039293350888e-18,2.6243626905746294e-17,-8.074349270001139e-17,8.074349270001139e-17,176
Long-term potentiation - Homo sapiens (human),-1.4114553418423685e-18,3.1264428416244074e-17,-1.2297855042001735e-16,1.0589819619501494e-16,65
Synaptic vesicle cycle - Homo sapiens (human),6.153990364587614e-18,5.0393302358692216e-17,-1.2302471353954437e-16,2.985599755410894e-16,74
Neurotrophin signaling pathway - Homo sapiens (human),5.506448414778015e-19,4.1607673447733115e-17,-1.244173846074496e-16,1.703950989968175e-16,115
Retrograde endocannabinoid signaling - Homo sapiens (human),-1.4563413688191094e-19,3.571962215453539e-17,-1.0765799026668185e-16,1.0092936587501423e-16,132
Glutamatergic synapse - Homo sapiens (human),4.2783961215351356e-19,3.9152481879773855e-17,-1.1102230246251565e-16,1.1956247957501685e-16,104
Cholinergic synapse - Homo sapiens (human),6.628531238656209e-18,3.6254680296982316e-17,-1.1009711660866136e-16,1.062642037855507e-16,105
Serotonergic synapse - Homo sapiens (human),1.809377334514953e-18,3.3831176460770375e-17,-1.3322676295501878e-16,1.5987211554602254e-16,100
GABAergic synapse - Homo sapiens (human),-1.274380514647553e-18,4.171345266468682e-17,-1.2212453270876723e-16,1.3322676295501878e-16,80
Dopaminergic synapse - Homo sapiens (human),2.9735421327924393e-18,4.0240440307517175e-17,-1.167045462893373e-16,2.220446049250313e-16,127
Long-term depression - Homo sapiens (human),3.222881010422788e-18,3.940608357404025e-17,-1.0248212535001446e-16,1.2276504599220482e-16,52
Olfactory transduction - Homo sapiens (human),3.6971025619951544e-20,4.794625714151196e-17,-1.7590546623931053e-16,1.5571959306430767e-16,77
Taste transduction - Homo sapiens (human),-5.1733814250118626e-18,3.47499614517372e-17,-1.2076110092413984e-16,9.641410477007939e-17,57
Phototransduction - Homo sapiens (human),3.869940828378868e-19,4.407970257115942e-17,-1.2027416100105862e-16,1.295260195396016e-16,24
Inflammatory mediator regulation of TRP channels - Homo sapiens (human),8.900235238413165e-19,3.584685208761688e-17,-1.3257369058759222e-16,1.0449157878825003e-16,85
Regulation of actin cytoskeleton - Homo sapiens (human),1.6251180089936533e-19,3.016798788306302e-17,-9.30472630162036e-17,1.2688263138573217e-16,210
Motor proteins - Homo sapiens (human),3.3139219326799627e-19,3.42387092844373e-17,-7.300096600275002e-17,9.733462133700002e-17,146
Cytoskeleton in muscle cells - Homo sapiens (human),1.1800240626263703e-18,4.00249438941408e-17,-1.495879443705474e-16,1.495879443705474e-16,190
Insulin signaling pathway - Homo sapiens (human),-2.564760784657913e-18,2.960231660066584e-17,-9.210739167260558e-17,1.1842378929335003e-16,135
Insulin secretion - Homo sapiens (human),2.967324759301373e-19,4.064390373649548e-17,-1.1534784671430197e-16,1.3265002372144727e-16,77
GnRH signaling pathway - Homo sapiens (human),-1.6633333910647838e-18,3.4138838427036504e-17,-1.1232844719736877e-16,1.4106363136413753e-16,85
Ovarian steroidogenesis - Homo sapiens (human),1.430016652403784e-18,3.713720670928876e-17,-1.6846988920184062e-16,1.4006883508352266e-16,43
Progesterone-mediated oocyte maturation - Homo sapiens (human),-5.930266468736726e-19,3.2639722479127486e-17,-8.954477371232662e-17,1.0771806727017888e-16,84
Estrogen signaling pathway - Homo sapiens (human),2.9519548644378353e-19,2.1654636258506948e-17,-5.921189464667501e-17,6.661338147750939e-17,120
Melanogenesis - Homo sapiens (human),1.1867162300395813e-18,3.625288403937945e-17,-1.5633752795742e-16,1.2461687011098695e-16,98
Prolactin signaling pathway - Homo sapiens (human),3.5806943181390716e-18,3.048490960724538e-17,-6.478027069991002e-17,1.4664886220794977e-16,67
Thyroid hormone synthesis - Homo sapiens (human),-6.299738235458233e-19,2.686193376080834e-17,-8.489940776545314e-17,1.240837498110469e-16,68
Thyroid hormone signaling pathway - Homo sapiens (human),1.6610945745930938e-18,3.131761939744741e-17,-1.2405535536028923e-16,1.0535051092366975e-16,115
Adipocytokine signaling pathway - Homo sapiens (human),-1.5595257471516105e-18,3.1954448276072565e-17,-1.0136818920490559e-16,1.0941328358624732e-16,69
Oxytocin signaling pathway - Homo sapiens (human),-5.193112086374808e-19,3.8216557300803055e-17,-1.3858103002413302e-16,1.5747844320924207e-16,141
Glucagon signaling pathway - Homo sapiens (human),3.5099463327157187e-19,1.997422625987635e-17,-5.551115123125783e-17,5.551115123125783e-17,96
Regulation of lipolysis in adipocytes - Homo sapiens (human),3.3955608941757498e-18,5.960681454300081e-17,-1.532107773982716e-16,2.120525977034049e-16,50
Renin secretion - Homo sapiens (human),-1.2656056488157639e-18,3.147258984019632e-17,-9.71445146547012e-17,1.1449174941446927e-16,64
Aldosterone synthesis and secretion - Homo sapiens (human),-1.0718461114103997e-18,4.382186997958514e-17,-1.356939252319636e-16,1.8503717077085943e-16,90
Relaxin signaling pathway - Homo sapiens (human),-4.396717481924895e-18,3.4825545635735366e-17,-1.1966748175262957e-16,1.31497727096996e-16,122
Cortisol synthesis and secretion - Homo sapiens (human),-1.9677665229045213e-20,4.0288448884426723e-17,-1.8440992612417855e-16,1.0537710064238774e-16,59
"Parathyroid hormone synthesis, secretion and action - Homo sapiens (human)",1.3381512685609663e-18,3.5620507296424713e-17,-1.146538731038129e-16,1.867664901238581e-16,107
GnRH secretion - Homo sapiens (human),3.317092138610457e-19,3.5383899787352234e-17,-1.1102230246251565e-16,1.2688263138573217e-16,56
Type II diabetes mellitus - Homo sapiens (human),3.3107493784487747e-18,3.434824955308842e-17,-1.0362081563168128e-16,1.89971495324749e-16,45
Insulin resistance - Homo sapiens (human),-1.387567019313408e-18,3.1460259444984966e-17,-1.0449157878825003e-16,1.5129509845382036e-16,102
Non-alcoholic fatty liver disease - Homo sapiens (human),1.9945226951209453e-18,3.008127599909949e-17,-1.0078620365391492e-16,1.0078620365391492e-16,141
AGE-RAGE signaling pathway in diabetic complications - Homo sapiens (human),4.9755785622886455e-18,3.435032791393093e-17,-1.0265270878460694e-16,1.3849173812334427e-16,97
Cushing syndrome - Homo sapiens (human),-3.774104455884761e-18,3.2772166482102475e-17,-1.6803375507840208e-16,1.200241107702872e-16,148
"Growth hormone synthesis, secretion and action - Homo sapiens (human)",1.3836026764100259e-18,3.5413490425922907e-17,-1.1102230246251565e-16,1.3073654308670067e-16,107
Alcoholic liver disease - Homo sapiens (human),-1.6157744207741264e-18,3.007349475320556e-17,-1.0043754904977582e-16,8.420759381690806e-17,118
Type I diabetes mellitus - Homo sapiens (human),3.975518183689539e-18,7.317870601134227e-17,-2.100421938480026e-16,3.060614824642323e-16,37
Maturity onset diabetes of the young - Homo sapiens (human),-3.1891964293081545e-18,6.759913148981731e-17,-2.6527925155706867e-16,1.98559117865653e-16,26
Aldosterone-regulated sodium reabsorption - Homo sapiens (human),-3.857168964837878e-18,3.756399411654025e-17,-1.3061447348531254e-16,1.0775694062538284e-16,34
Endocrine and other factor-regulated calcium reabsorption - Homo sapiens (human),-1.8067223751094373e-18,3.3868859621402045e-17,-9.251858538542972e-17,9.71445146547012e-17,48
Vasopressin-regulated water reabsorption - Homo sapiens (human),-1.8485298754052007e-18,3.5473530876929835e-17,-1.0327656043024712e-16,1.2393187251629654e-16,43
Proximal tubule bicarbonate reclamation - Homo sapiens (human),7.296317010315638e-19,4.35645933581865e-17,-1.1432653765485242e-16,2.1675782861729246e-16,21
Collecting duct acid secretion - Homo sapiens (human),5.666845171788409e-19,7.147143658053582e-17,-2.321375415125327e-16,2.321375415125327e-16,22
Salivary secretion - Homo sapiens (human),-3.3747634681627576e-18,2.9647533424961215e-17,-9.429291442021877e-17,1.1254315592090629e-16,73
Gastric acid secretion - Homo sapiens (human),6.645469042564399e-19,3.840354403599424e-17,-2.333077370589097e-16,1.432026799878825e-16,69
Pancreatic secretion - Homo sapiens (human),2.5520667479812446e-18,3.399546377845501e-17,-1.138690281666827e-16,1.1529239101876627e-16,78
Carbohydrate digestion and absorption - Homo sapiens (human),1.1339826613389195e-19,3.383461618194243e-17,-9.516197353929913e-17,1.395708945243054e-16,35
Protein digestion and absorption - Homo sapiens (human),5.5040122288739536e-18,4.697356735695421e-17,-2.1134366010936714e-16,2.0733080580349308e-16,83
Fat digestion and absorption - Homo sapiens (human),3.2366777837350546e-18,4.892384004941566e-17,-1.6148698540002277e-16,1.6148698540002277e-16,33
Bile secretion - Homo sapiens (human),6.2582832717511224e-18,3.57360445198949e-17,-1.3135032967396218e-16,2.1559436552139924e-16,71
Vitamin digestion and absorption - Homo sapiens (human),-4.053006211116665e-18,4.490853604645914e-17,-1.8167285857502563e-16,1.0092936587501423e-16,22
Mineral absorption - Homo sapiens (human),-1.1632213969692578e-18,3.030642986319104e-17,-1.1369110781017227e-16,1.3664283380001927e-16,52
Cholesterol metabolism - Homo sapiens (human),2.654439100971222e-18,3.9441096224904547e-17,-1.2304971856262152e-16,1.1657341758564144e-16,45
Cobalamin transport and metabolism - Homo sapiens (human),3.381698293635721e-18,3.53796188443096e-17,-1.1102230246251565e-16,1.1102230246251565e-16,16
Alzheimer disease - Homo sapiens (human),3.5344914119654797e-19,1.5739517030109737e-17,-4.306319610667274e-17,5.3828995133340925e-17,330
Parkinson disease - Homo sapiens (human),-1.6293879306001412e-18,2.417656502190476e-17,-8.148425868808489e-17,1.0389242982730823e-16,218
Amyotrophic lateral sclerosis - Homo sapiens (human),8.203510931475431e-19,2.0307545438387232e-17,-6.579099405186112e-17,7.177199351112124e-17,297
Huntington disease - Homo sapiens (human),-2.936872091101751e-19,2.1254016655762493e-17,-5.616938622609487e-17,5.616938622609487e-17,253
Spinocerebellar ataxia - Homo sapiens (human),2.020992354722897e-18,2.4514382689710348e-17,-8.950635237288084e-17,9.639145640156398e-17,129
Prion disease - Homo sapiens (human),1.6887014523835064e-19,2.3010707906271907e-17,-6.45947941600091e-17,9.689219124001366e-17,220
Pathways of neurodegeneration - multiple diseases - Homo sapiens (human),1.928803438264938e-18,1.7825626405393762e-17,-4.301106148668887e-17,8.602212297337774e-17,413
Cocaine addiction - Homo sapiens (human),2.6855589376471034e-18,3.138492107906132e-17,-9.375216652390211e-17,9.868649107779169e-17,45
Amphetamine addiction - Homo sapiens (human),2.515870623100426e-19,2.7523793926969856e-17,-1.0261152197293113e-16,9.020562075079397e-17,66
Morphine addiction - Homo sapiens (human),-1.4056456762702696e-18,5.361134080602986e-17,-2.00642715293703e-16,2.0465556959957705e-16,83
Nicotine addiction - Homo sapiens (human),-3.7600902758573716e-18,5.827025677403866e-17,-2.2363063781735295e-16,2.125284075711014e-16,35
Alcoholism - Homo sapiens (human),6.282532616180213e-19,3.304663365158603e-17,-1.1319921035393752e-16,9.79608551139844e-17,102
Bacterial invasion of epithelial cells - Homo sapiens (human),1.4996930622526099e-18,3.6118899014129856e-17,-1.3877787807814457e-16,1.0122621695111721e-16,68
Vibrio cholerae infection - Homo sapiens (human),-9.044128019102565e-19,2.581572315036582e-17,-6.275173617446536e-17,8.205996268968548e-17,46
Epithelial cell signaling in Helicobacter pylori infection - Homo sapiens (human),-2.285394160667511e-18,2.855856355689078e-17,-8.616656310523603e-17,1.0605115459105973e-16,67
Pathogenic Escherichia coli infection - Homo sapiens (human),-2.6480712426797232e-18,2.293343369389084e-17,-6.946646857989806e-17,6.574505062026067e-17,179
Shigellosis - Homo sapiens (human),-1.9674946693669223e-18,2.208231399494827e-17,-7.25492273517429e-17,6.155692017723641e-17,202
Salmonella infection - Homo sapiens (human),1.5343549180021314e-18,2.4950813953451565e-17,-6.40128590774865e-17,6.601326092365796e-17,222
Pertussis - Homo sapiens (human),3.0433230326306025e-18,4.009236006125351e-17,-1.576838498742976e-16,1.0619524583371063e-16,69
Legionellosis - Homo sapiens (human),-4.751927342753589e-18,4.3454208773083675e-17,-2.0970879354030734e-16,1.4802973661668753e-16,54
Yersinia infection - Homo sapiens (human),3.811964352637842e-18,4.5601684682807624e-17,-1.5210929628722617e-16,1.5953992282999296e-16,127
Leishmaniasis - Homo sapiens (human),1.6601805816511066e-19,5.490001882065011e-17,-1.8671932686877633e-16,2.1279274638648835e-16,66
Chagas disease - Homo sapiens (human),6.569737177201104e-18,3.9420840694690325e-17,-1.1159458237211625e-16,1.1617282164892103e-16,97
African trypanosomiasis - Homo sapiens (human),1.5970664898510683e-18,4.496015623586701e-17,-1.6989776588960729e-16,1.8167285857502563e-16,33
Malaria - Homo sapiens (human),2.5539333339311968e-18,7.057377118544739e-17,-2.478637450325931e-16,3.162844663176318e-16,43
Toxoplasmosis - Homo sapiens (human),8.460694892907032e-18,4.854307067736556e-17,-1.253123017893741e-16,1.428999932685845e-16,101
Amoebiasis - Homo sapiens (human),-2.1214015395297997e-18,4.3591501770205626e-17,-1.3259321177248813e-16,1.9187550099499987e-16,92
Staphylococcus aureus infection - Homo sapiens (human),4.022148322545979e-19,6.708150087490991e-17,-3.0773443757963168e-16,2.70506721079304e-16,63
Tuberculosis - Homo sapiens (human),4.5175779847924624e-20,3.142545913068765e-17,-1.161017542091667e-16,1.0158903493302086e-16,153
Hepatitis C - Homo sapiens (human),-8.287873277933868e-19,2.4728630617110467e-17,-9.210739167260558e-17,5.921189464667501e-17,135
Hepatitis B - Homo sapiens (human),-2.365315946857179e-19,2.7003236958841922e-17,-9.069427525106913e-17,8.756688644930812e-17,142
Measles - Homo sapiens (human),2.433051781547106e-18,4.69122464010341e-17,-1.5618391702353897e-16,1.9570032976443437e-16,118
Human cytomegalovirus infection - Homo sapiens (human),2.1442285211534293e-18,3.0258953894776106e-17,-1.3389624417589826e-16,1.238540258627059e-16,199
Influenza A - Homo sapiens (human),-1.3495990828611144e-18,3.587003614880672e-17,-1.149315384647169e-16,1.7513377289861623e-16,142
Human papillomavirus infection - Homo sapiens (human),2.4599225205314556e-18,2.7390270794169114e-17,-8.26212483441977e-17,9.442428382194023e-17,301
Human T-cell leukemia virus 1 infection - Homo sapiens (human),3.0469099343084027e-19,3.9061781477719645e-17,-1.0941328358624732e-16,1.2014007609470292e-16,207
Kaposi sarcoma-associated herpesvirus infection - Homo sapiens (human),3.0526700875019773e-18,3.0203703751502905e-17,-8.214366887400002e-17,1.0396308091865627e-16,173
Herpes simplex virus 1 infection - Homo sapiens (human),4.698177012525542e-19,4.228396078886497e-17,-1.1051067894886351e-16,1.3097561949494934e-16,434
Epstein-Barr virus infection - Homo sapiens (human),-2.8334398226071574e-19,3.140109193739576e-17,-1.197543936674326e-16,1.197543936674326e-16,178
Human immunodeficiency virus 1 infection - Homo sapiens (human),6.19816609924381e-19,2.5921980978798118e-17,-7.723290606088045e-17,7.723290606088045e-17,184
Coronavirus disease - COVID-19 - Homo sapiens (human),-1.8878111352575617e-18,3.0062787264786157e-17,-8.881784197001253e-17,8.881784197001253e-17,200
Pathways in cancer - Homo sapiens (human),-4.021337286524323e-18,2.56285053739799e-17,-1.3803999978979452e-16,8.718315776197548e-17,489
Transcriptional misregulation in cancer - Homo sapiens (human),-1.6320132629824676e-18,2.529185024035353e-17,-7.999616538899416e-17,9.051499818600003e-17,157
Viral carcinogenesis - Homo sapiens (human),-3.2399504609683345e-20,2.1517977362523145e-17,-8.881784197001253e-17,6.661338147750939e-17,160
Chemical carcinogenesis - DNA adducts - Homo sapiens (human),4.98698257227482e-19,3.373613972191265e-17,-9.578394722256253e-17,1.523835523995313e-16,51
Proteoglycans in cancer - Homo sapiens (human),-2.070703032707326e-18,3.3298498275956706e-17,-1.2688263138573217e-16,1.2688263138573217e-16,196
MicroRNAs in cancer - Homo sapiens (human),-1.755142975082229e-18,3.053487705040364e-17,-9.216945864812621e-17,1.1451356983555074e-16,159
Chemical carcinogenesis - receptor activation - Homo sapiens (human),-1.6199752304841812e-19,2.2647251296071625e-17,-7.065055611250996e-17,7.065055611250996e-17,176
Chemical carcinogenesis - reactive oxygen species - Homo sapiens (human),-1.2513853606268227e-18,2.088745017734002e-17,-5.738231363231147e-17,7.983626244495507e-17,178
Colorectal cancer - Homo sapiens (human),1.4610387071445234e-18,2.8732356317922084e-17,-9.908095016276833e-17,8.455768385226483e-17,86
Renal cell carcinoma - Homo sapiens (human),-8.426986535499429e-19,4.435444624696826e-17,-1.3493479837751901e-16,1.2639462126501782e-16,65
Pancreatic cancer - Homo sapiens (human),7.148673591100404e-19,3.513799759741431e-17,-1.0517902338554114e-16,1.2563050015495192e-16,76
Endometrial cancer - Homo sapiens (human),-2.2724458576184846e-18,2.7742886995190847e-17,-7.465292751789846e-17,6.891039463190627e-17,58
Glioma - Homo sapiens (human),-1.2369410870985859e-18,4.1012960696705e-17,-1.1176245114559908e-16,1.273055734903513e-16,75
Prostate cancer - Homo sapiens (human),-8.999862391578926e-21,3.0298788740045743e-17,-7.401486830834377e-17,8.326672684688674e-17,96
Thyroid cancer - Homo sapiens (human),2.6833183469058675e-19,2.906620186205644e-17,-8.095376221225099e-17,9.097660896233921e-17,36
Basal cell carcinoma - Homo sapiens (human),-3.0938768015859904e-18,3.8139770637664096e-17,-1.251203726164859e-16,1.0749778492402309e-16,63
Melanoma - Homo sapiens (human),-3.9278695201105805e-18,4.730254819184458e-17,-1.9937103611226403e-16,1.8764332810566026e-16,71
Bladder cancer - Homo sapiens (human),-8.747866244614558e-19,3.297525028485074e-17,-1.1102230246251565e-16,8.326672684688674e-17,40
Chronic myeloid leukemia - Homo sapiens (human),1.8552541330560254e-18,3.143893462625954e-17,-8.881784197001253e-17,1.376676550535194e-16,75
Acute myeloid leukemia - Homo sapiens (human),-1.6807243016273345e-18,3.151277043158157e-17,-1.5265566588595902e-16,1.3877787807814457e-16,64
Small cell lung cancer - Homo sapiens (human),-7.216253299429524e-19,3.039040407843677e-17,-9.588289758126352e-17,1.2111523905001707e-16,88
Non-small cell lung cancer - Homo sapiens (human),-1.0079845878568216e-18,2.7650332117871185e-17,-8.635067969306773e-17,9.868649107779169e-17,72
Breast cancer - Homo sapiens (human),-1.0352945151140276e-19,2.815994406662462e-17,-8.575515776415002e-17,1.1025663141105003e-16,145
Hepatocellular carcinoma - Homo sapiens (human),-1.6982740332909132e-18,2.1940546551873235e-17,-6.106226635438361e-17,5.551115123125783e-17,160
Gastric cancer - Homo sapiens (human),1.2131321360703438e-19,2.341171989273599e-17,-7.300096600275002e-17,7.300096600275002e-17,146
Central carbon metabolism in cancer - Homo sapiens (human),-3.469446951953614e-18,2.871805767347292e-17,-8.326672684688674e-17,1.1102230246251565e-16,64
Choline metabolism in cancer - Homo sapiens (human),-2.323486067863538e-18,2.6150541298982437e-17,-7.359905444144296e-17,7.359905444144296e-17,89
PD-L1 expression and PD-1 checkpoint pathway in cancer - Homo sapiens (human),-3.3902156741803377e-18,4.907841158847703e-17,-1.5313421029312505e-16,1.3782078926381254e-16,87
Asthma - Homo sapiens (human),-6.237019692423069e-18,1.1320592341888393e-16,-5.046468293750712e-16,3.7343865373755267e-16,22
Autoimmune thyroid disease - Homo sapiens (human),4.125488706751179e-18,8.244415949218121e-17,-3.2355071003361703e-16,4.250568151422028e-16,35
Inflammatory bowel disease - Homo sapiens (human),-3.789008803122395e-18,5.836393113946913e-17,-1.9946379764451966e-16,1.5430218308349634e-16,59
Systemic lupus erythematosus - Homo sapiens (human),-1.304417555379447e-18,7.833721404393066e-17,-3.374825671445788e-16,2.4727694639378484e-16,44
Rheumatoid arthritis - Homo sapiens (human),-4.2338110269774185e-19,4.51022918946137e-17,-1.8616544620238905e-16,1.19145885569529e-16,82
Allograft rejection - Homo sapiens (human),6.274540425547051e-18,8.187180963833426e-17,-3.6334571715005125e-16,2.7250928786253843e-16,33
Graft-versus-host disease - Homo sapiens (human),6.020562774789244e-18,8.1605419256084e-17,-2.254089171208651e-16,3.7512080983546957e-16,33
Primary immunodeficiency - Homo sapiens (human),3.779942204463081e-18,4.981620127365386e-17,-1.3530843112619095e-16,1.5612511283791264e-16,32
Hypertrophic cardiomyopathy - Homo sapiens (human),6.945163066772292e-18,4.799305446914514e-17,-1.174770874894061e-16,1.8847972278520098e-16,86
Arrhythmogenic right ventricular cardiomyopathy - Homo sapiens (human),-3.4531420064519882e-18,4.500627072089843e-17,-1.3841741605716237e-16,2.1916090875717376e-16,77
Dilated cardiomyopathy - Homo sapiens (human),4.2728576839083174e-18,3.950661469124469e-17,-1.29733926473052e-16,1.3597113447656413e-16,89
Diabetic cardiomyopathy - Homo sapiens (human),-6.117670435617262e-19,3.270922334015312e-17,-8.826617835529194e-17,9.929945064970344e-17,161
Viral myocarditis - Homo sapiens (human),-2.5832466011466312e-18,5.925002238118691e-17,-1.7706143065142583e-16,1.81846874723086e-16,58
Lipid and atherosclerosis - Homo sapiens (human),-6.9313225911016165e-19,2.3225587477427768e-17,-7.518970748784129e-17,7.988906420583137e-17,189
Fluid shear stress and atherosclerosis - Homo sapiens (human),1.6342075710103952e-18,2.6800174156935034e-17,-6.885104028683141e-17,8.950635237288084e-17,129
